employee_id,attrition_probability,risk_level
EMP1000,0.35,Medium
EMP1001,0.11,Low
EMP1002,0.26,Medium
EMP1003,0.07,Low
EMP1004,0.05,Low
EMP1005,0.15,Low
EMP1006,0.03,Low
EMP1007,0.31,Medium
EMP1008,0.12,Low
EMP1009,0.04,Low
EMP1010,0.79,High
EMP1011,0.12,Low
EMP1012,0.73,High
EMP1013,0.09,Low
EMP1014,0.01,Low
EMP1015,0.02,Low
EMP1016,0.24,Medium
EMP1017,0.13,Low
EMP1018,0.71,High
EMP1019,0.13,Low
EMP1020,0.24,Medium
EMP1021,0.84,Very High
EMP1022,0.05,Low
EMP1023,0.19,Low
EMP1024,0.02,Low
EMP1025,0.1,Low
EMP1026,0.36,Medium
EMP1027,0.08,Low
EMP1028,0.0,
EMP1029,0.92,Very High
EMP1030,0.76,High
EMP1031,0.03,Low
EMP1032,0.15,Low
EMP1033,0.63,High
EMP1034,0.58,High
EMP1035,0.08,Low
EMP1036,0.89,Very High
EMP1037,0.18,Low
EMP1038,0.82,Very High
EMP1039,0.69,High
EMP1040,0.36,Medium
EMP1041,0.1,Low
EMP1042,0.27,Medium
EMP1043,0.07,Low
EMP1044,0.11,Low
EMP1045,0.03,Low
EMP1046,0.06,Low
EMP1047,0.17,Low
EMP1048,0.84,Very High
EMP1049,0.47,Medium
EMP1050,0.8,High
EMP1051,0.78,High
EMP1052,0.3,Medium
EMP1053,0.1,Low
EMP1054,0.92,Very High
EMP1055,0.2,Low
EMP1056,0.84,Very High
EMP1057,0.23,Medium
EMP1058,0.77,High
EMP1059,0.12,Low
EMP1060,0.23,Medium
EMP1061,0.84,Very High
EMP1062,0.08,Low
EMP1063,0.1,Low
EMP1064,0.23,Medium
EMP1065,0.25,Medium
EMP1066,0.69,High
EMP1067,0.15,Low
EMP1068,0.06,Low
EMP1069,0.06,Low
EMP1070,0.08,Low
EMP1071,0.16,Low
EMP1072,0.79,High
EMP1073,0.88,Very High
EMP1074,0.06,Low
EMP1075,0.01,Low
EMP1076,0.08,Low
EMP1077,0.19,Low
EMP1078,0.2,Low
EMP1079,0.9,Very High
EMP1080,0.01,Low
EMP1081,0.24,Medium
EMP1082,0.02,Low
EMP1083,0.05,Low
EMP1084,0.72,High
EMP1085,0.39,Medium
EMP1086,0.63,High
EMP1087,0.1,Low
EMP1088,0.73,High
EMP1089,0.06,Low
EMP1090,0.78,High
EMP1091,0.15,Low
EMP1092,0.51,High
EMP1093,0.88,Very High
EMP1094,0.06,Low
EMP1095,0.51,High
EMP1096,0.16,Low
EMP1097,0.05,Low
EMP1098,0.2,Low
EMP1099,0.15,Low
EMP1100,0.07,Low
EMP1101,0.74,High
EMP1102,0.18,Low
EMP1103,0.47,Medium
EMP1104,0.27,Medium
EMP1105,0.06,Low
EMP1106,0.1,Low
EMP1107,0.11,Low
EMP1108,0.87,Very High
EMP1109,0.03,Low
EMP1110,0.56,High
EMP1111,0.02,Low
EMP1112,0.08,Low
EMP1113,0.07,Low
EMP1114,0.25,Medium
EMP1115,0.08,Low
EMP1116,0.63,High
EMP1117,0.12,Low
EMP1118,0.28,Medium
EMP1119,0.8,High
EMP1120,0.18,Low
EMP1121,0.3,Medium
EMP1122,0.9,Very High
EMP1123,0.11,Low
EMP1124,0.24,Medium
EMP1125,0.16,Low
EMP1126,0.05,Low
EMP1127,0.56,High
EMP1128,0.03,Low
EMP1129,0.84,Very High
EMP1130,0.15,Low
EMP1131,0.77,High
EMP1132,0.52,High
EMP1133,0.61,High
EMP1134,0.81,Very High
EMP1135,0.05,Low
EMP1136,0.06,Low
EMP1137,0.8,High
EMP1138,0.73,High
EMP1139,0.09,Low
EMP1140,0.37,Medium
EMP1141,0.07,Low
EMP1142,0.14,Low
EMP1143,0.62,High
EMP1144,0.78,High
EMP1145,0.55,High
EMP1146,0.13,Low
EMP1147,0.07,Low
EMP1148,0.69,High
EMP1149,0.92,Very High
EMP1150,0.16,Low
EMP1151,0.2,Low
EMP1152,0.04,Low
EMP1153,0.81,Very High
EMP1154,0.08,Low
EMP1155,0.45,Medium
EMP1156,0.19,Low
EMP1157,0.69,High
EMP1158,0.22,Medium
EMP1159,0.12,Low
EMP1160,0.26,Medium
EMP1161,0.17,Low
EMP1162,0.08,Low
EMP1163,0.1,Low
EMP1164,0.72,High
EMP1165,0.87,Very High
EMP1166,0.8,High
EMP1167,0.05,Low
EMP1168,0.85,Very High
EMP1169,0.85,Very High
EMP1170,0.02,Low
EMP1171,0.76,High
EMP1172,0.21,Medium
EMP1173,0.22,Medium
EMP1174,0.14,Low
EMP1175,0.76,High
EMP1176,0.02,Low
EMP1177,0.14,Low
EMP1178,0.81,Very High
EMP1179,0.84,Very High
EMP1180,0.39,Medium
EMP1181,0.46,Medium
EMP1182,0.12,Low
EMP1183,0.05,Low
EMP1184,0.03,Low
EMP1185,0.17,Low
EMP1186,0.83,Very High
EMP1187,0.04,Low
EMP1188,0.46,Medium
EMP1189,0.2,Low
EMP1190,0.65,High
EMP1191,0.57,High
EMP1192,0.11,Low
EMP1193,0.72,High
EMP1194,0.08,Low
EMP1195,0.11,Low
EMP1196,0.13,Low
EMP1197,0.17,Low
EMP1198,0.07,Low
EMP1199,0.88,Very High
EMP1200,0.7,High
EMP1201,0.14,Low
EMP1202,0.14,Low
EMP1203,0.15,Low
EMP1204,0.89,Very High
EMP1205,0.86,Very High
EMP1206,0.0,
EMP1207,0.1,Low
EMP1208,0.13,Low
EMP1209,0.03,Low
EMP1210,0.08,Low
EMP1211,0.84,Very High
EMP1212,0.03,Low
EMP1213,0.0,
EMP1214,0.13,Low
EMP1215,0.28,Medium
EMP1216,0.02,Low
EMP1217,0.05,Low
EMP1218,0.81,Very High
EMP1219,0.73,High
EMP1220,0.88,Very High
EMP1221,0.12,Low
EMP1222,0.21,Medium
EMP1223,0.02,Low
EMP1224,0.09,Low
EMP1225,0.07,Low
EMP1226,0.68,High
EMP1227,0.04,Low
EMP1228,0.84,Very High
EMP1229,0.22,Medium
EMP1230,0.88,Very High
EMP1231,0.25,Medium
EMP1232,0.03,Low
EMP1233,0.54,High
EMP1234,0.02,Low
EMP1235,0.76,High
EMP1236,0.32,Medium
EMP1237,0.19,Low
EMP1238,0.02,Low
EMP1239,0.1,Low
EMP1240,0.06,Low
EMP1241,0.02,Low
EMP1242,0.13,Low
EMP1243,0.14,Low
EMP1244,0.83,Very High
EMP1245,0.12,Low
EMP1246,0.88,Very High
EMP1247,0.1,Low
EMP1248,0.79,High
EMP1249,0.03,Low
EMP1250,0.1,Low
EMP1251,0.1,Low
EMP1252,0.16,Low
EMP1253,0.66,High
EMP1254,0.11,Low
EMP1255,0.03,Low
EMP1256,0.27,Medium
EMP1257,0.73,High
EMP1258,0.04,Low
EMP1259,0.13,Low
EMP1260,0.08,Low
EMP1261,0.12,Low
EMP1262,0.74,High
EMP1263,0.82,Very High
EMP1264,0.02,Low
EMP1265,0.04,Low
EMP1266,0.82,Very High
EMP1267,0.82,Very High
EMP1268,0.8,High
EMP1269,0.48,Medium
EMP1270,0.31,Medium
EMP1271,0.1,Low
EMP1272,0.75,High
EMP1273,0.79,High
EMP1274,0.06,Low
EMP1275,0.8,High
EMP1276,0.04,Low
EMP1277,0.28,Medium
EMP1278,0.11,Low
EMP1279,0.2,Low
EMP1280,0.23,Medium
EMP1281,0.08,Low
EMP1282,0.41,Medium
EMP1283,0.06,Low
EMP1284,0.47,Medium
EMP1285,0.04,Low
EMP1286,0.02,Low
EMP1287,0.12,Low
EMP1288,0.06,Low
EMP1289,0.4,Medium
EMP1290,0.6,High
EMP1291,0.21,Medium
EMP1292,0.1,Low
EMP1293,0.13,Low
EMP1294,0.15,Low
EMP1295,0.1,Low
EMP1296,0.27,Medium
EMP1297,0.12,Low
EMP1298,0.84,Very High
EMP1299,0.07,Low
EMP1300,0.12,Low
EMP1301,0.56,High
EMP1302,0.76,High
EMP1303,0.06,Low
EMP1304,0.2,Low
EMP1305,0.78,High
EMP1306,0.04,Low
EMP1307,0.6,High
EMP1308,0.12,Low
EMP1309,0.23,Medium
EMP1310,0.91,Very High
EMP1311,0.05,Low
EMP1312,0.08,Low
EMP1313,0.07,Low
EMP1314,0.37,Medium
EMP1315,0.54,High
EMP1316,0.04,Low
EMP1317,0.59,High
EMP1318,0.66,High
EMP1319,0.86,Very High
EMP1320,0.06,Low
EMP1321,0.77,High
EMP1322,0.09,Low
EMP1323,0.64,High
EMP1324,0.9,Very High
EMP1325,0.18,Low
EMP1326,0.03,Low
EMP1327,0.02,Low
EMP1328,0.04,Low
EMP1329,0.15,Low
EMP1330,0.75,High
EMP1331,0.13,Low
EMP1332,0.12,Low
EMP1333,0.1,Low
EMP1334,0.14,Low
EMP1335,0.74,High
EMP1336,0.7,High
EMP1337,0.02,Low
EMP1338,0.74,High
EMP1339,0.13,Low
EMP1340,0.35,Medium
EMP1341,0.12,Low
EMP1342,0.12,Low
EMP1343,0.05,Low
EMP1344,0.07,Low
EMP1345,0.08,Low
EMP1346,0.81,Very High
EMP1347,0.16,Low
EMP1348,0.85,Very High
EMP1349,0.13,Low
EMP1350,0.1,Low
EMP1351,0.08,Low
EMP1352,0.11,Low
EMP1353,0.21,Medium
EMP1354,0.51,High
EMP1355,0.19,Low
EMP1356,0.26,Medium
EMP1357,0.76,High
EMP1358,0.81,Very High
EMP1359,0.87,Very High
EMP1360,0.74,High
EMP1361,0.85,Very High
EMP1362,0.13,Low
EMP1363,0.79,High
EMP1364,0.23,Medium
EMP1365,0.69,High
EMP1366,0.78,High
EMP1367,0.21,Medium
EMP1368,0.78,High
EMP1369,0.86,Very High
EMP1370,0.14,Low
EMP1371,0.17,Low
EMP1372,0.73,High
EMP1373,0.13,Low
EMP1374,0.38,Medium
EMP1375,0.78,High
EMP1376,0.16,Low
EMP1377,0.6,High
EMP1378,0.25,Medium
EMP1379,0.32,Medium
EMP1380,0.24,Medium
EMP1381,0.1,Low
EMP1382,0.18,Low
EMP1383,0.18,Low
EMP1384,0.01,Low
EMP1385,0.12,Low
EMP1386,0.04,Low
EMP1387,0.8,High
EMP1388,0.07,Low
EMP1389,0.04,Low
EMP1390,0.77,High
EMP1391,0.1,Low
EMP1392,0.13,Low
EMP1393,0.09,Low
EMP1394,0.32,Medium
EMP1395,0.43,Medium
EMP1396,0.85,Very High
EMP1397,0.69,High
EMP1398,0.14,Low
EMP1399,0.19,Low
EMP1400,0.04,Low
EMP1401,0.74,High
EMP1402,0.91,Very High
EMP1403,0.84,Very High
EMP1404,0.89,Very High
EMP1405,0.26,Medium
EMP1406,0.1,Low
EMP1407,0.12,Low
EMP1408,0.21,Medium
EMP1409,0.1,Low
EMP1410,0.3,Medium
EMP1411,0.03,Low
EMP1412,0.27,Medium
EMP1413,0.03,Low
EMP1414,0.49,Medium
EMP1415,0.24,Medium
EMP1416,0.21,Medium
EMP1417,0.06,Low
EMP1418,0.51,High
EMP1419,0.06,Low
EMP1420,0.02,Low
EMP1421,0.13,Low
EMP1422,0.68,High
EMP1423,0.35,Medium
EMP1424,0.74,High
EMP1425,0.21,Medium
EMP1426,0.07,Low
EMP1427,0.09,Low
EMP1428,0.06,Low
EMP1429,0.05,Low
EMP1430,0.17,Low
EMP1431,0.55,High
EMP1432,0.15,Low
EMP1433,0.03,Low
EMP1434,0.1,Low
EMP1435,0.09,Low
EMP1436,0.89,Very High
EMP1437,0.26,Medium
EMP1438,0.26,Medium
EMP1439,0.11,Low
EMP1440,0.87,Very High
EMP1441,0.23,Medium
EMP1442,0.1,Low
EMP1443,0.25,Medium
EMP1444,0.7,High
EMP1445,0.78,High
EMP1446,0.14,Low
EMP1447,0.68,High
EMP1448,0.75,High
EMP1449,0.01,Low
EMP1450,0.09,Low
EMP1451,0.06,Low
EMP1452,0.05,Low
EMP1453,0.35,Medium
EMP1454,0.69,High
EMP1455,0.87,Very High
EMP1456,0.15,Low
EMP1457,0.47,Medium
EMP1458,0.06,Low
EMP1459,0.83,Very High
EMP1460,0.3,Medium
EMP1461,0.02,Low
EMP1462,0.79,High
EMP1463,0.05,Low
EMP1464,0.15,Low
EMP1465,0.02,Low
EMP1466,0.08,Low
EMP1467,0.82,Very High
EMP1468,0.86,Very High
EMP1469,0.79,High
EMP1470,0.7,High
EMP1471,0.0,
EMP1472,0.25,Medium
EMP1473,0.61,High
EMP1474,0.23,Medium
EMP1475,0.22,Medium
EMP1476,0.72,High
EMP1477,0.09,Low
EMP1478,0.03,Low
EMP1479,0.17,Low
EMP1480,0.86,Very High
EMP1481,0.06,Low
EMP1482,0.03,Low
EMP1483,0.73,High
EMP1484,0.82,Very High
EMP1485,0.13,Low
EMP1486,0.58,High
EMP1487,0.91,Very High
EMP1488,0.1,Low
EMP1489,0.07,Low
EMP1490,0.03,Low
EMP1491,0.1,Low
EMP1492,0.85,Very High
EMP1493,0.02,Low
EMP1494,0.18,Low
EMP1495,0.33,Medium
EMP1496,0.08,Low
EMP1497,0.14,Low
EMP1498,0.21,Medium
EMP1499,0.08,Low
EMP1500,0.84,Very High
EMP1501,0.18,Low
EMP1502,0.07,Low
EMP1503,0.71,High
EMP1504,0.07,Low
EMP1505,0.78,High
EMP1506,0.63,High
EMP1507,0.03,Low
EMP1508,0.01,Low
EMP1509,0.2,Low
EMP1510,0.22,Medium
EMP1511,0.39,Medium
EMP1512,0.85,Very High
EMP1513,0.92,Very High
EMP1514,0.06,Low
EMP1515,0.04,Low
EMP1516,0.16,Low
EMP1517,0.47,Medium
EMP1518,0.05,Low
EMP1519,0.16,Low
EMP1520,0.14,Low
EMP1521,0.08,Low
EMP1522,0.04,Low
EMP1523,0.77,High
EMP1524,0.19,Low
EMP1525,0.25,Medium
EMP1526,0.02,Low
EMP1527,0.71,High
EMP1528,0.02,Low
EMP1529,0.82,Very High
EMP1530,0.78,High
EMP1531,0.05,Low
EMP1532,0.26,Medium
EMP1533,0.27,Medium
EMP1534,0.81,Very High
EMP1535,0.19,Low
EMP1536,0.11,Low
EMP1537,0.14,Low
EMP1538,0.25,Medium
EMP1539,0.87,Very High
EMP1540,0.06,Low
EMP1541,0.06,Low
EMP1542,0.12,Low
EMP1543,0.09,Low
EMP1544,0.81,Very High
EMP1545,0.79,High
EMP1546,0.18,Low
EMP1547,0.12,Low
EMP1548,0.79,High
EMP1549,0.04,Low
EMP1550,0.61,High
EMP1551,0.23,Medium
EMP1552,0.05,Low
EMP1553,0.2,Low
EMP1554,0.72,High
EMP1555,0.06,Low
EMP1556,0.05,Low
EMP1557,0.71,High
EMP1558,0.61,High
EMP1559,0.27,Medium
EMP1560,0.33,Medium
EMP1561,0.32,Medium
EMP1562,0.13,Low
EMP1563,0.28,Medium
EMP1564,0.2,Low
EMP1565,0.83,Very High
EMP1566,0.08,Low
EMP1567,0.05,Low
EMP1568,0.12,Low
EMP1569,0.05,Low
EMP1570,0.14,Low
EMP1571,0.06,Low
EMP1572,0.74,High
EMP1573,0.16,Low
EMP1574,0.06,Low
EMP1575,0.79,High
EMP1576,0.89,Very High
EMP1577,0.1,Low
EMP1578,0.76,High
EMP1579,0.68,High
EMP1580,0.91,Very High
EMP1581,0.04,Low
EMP1582,0.55,High
EMP1583,0.07,Low
EMP1584,0.06,Low
EMP1585,0.05,Low
EMP1586,0.1,Low
EMP1587,0.84,Very High
EMP1588,0.17,Low
EMP1589,0.35,Medium
EMP1590,0.07,Low
EMP1591,0.06,Low
EMP1592,0.07,Low
EMP1593,0.31,Medium
EMP1594,0.8,High
EMP1595,0.72,High
EMP1596,0.17,Low
EMP1597,0.86,Very High
EMP1598,0.14,Low
EMP1599,0.66,High
EMP1600,0.81,Very High
EMP1601,0.13,Low
EMP1602,0.04,Low
EMP1603,0.61,High
EMP1604,0.7,High
EMP1605,0.06,Low
EMP1606,0.69,High
EMP1607,0.77,High
EMP1608,0.89,Very High
EMP1609,0.76,High
EMP1610,0.06,Low
EMP1611,0.93,Very High
EMP1612,0.3,Medium
EMP1613,0.06,Low
EMP1614,0.16,Low
EMP1615,0.16,Low
EMP1616,0.14,Low
EMP1617,0.75,High
EMP1618,0.7,High
EMP1619,0.78,High
EMP1620,0.47,Medium
EMP1621,0.76,High
EMP1622,0.11,Low
EMP1623,0.88,Very High
EMP1624,0.19,Low
EMP1625,0.02,Low
EMP1626,0.19,Low
EMP1627,0.4,Medium
EMP1628,0.08,Low
EMP1629,0.71,High
EMP1630,0.75,High
EMP1631,0.84,Very High
EMP1632,0.22,Medium
EMP1633,0.73,High
EMP1634,0.92,Very High
EMP1635,0.15,Low
EMP1636,0.03,Low
EMP1637,0.09,Low
EMP1638,0.05,Low
EMP1639,0.79,High
EMP1640,0.36,Medium
EMP1641,0.07,Low
EMP1642,0.09,Low
EMP1643,0.15,Low
EMP1644,0.6,High
EMP1645,0.18,Low
EMP1646,0.73,High
EMP1647,0.27,Medium
EMP1648,0.09,Low
EMP1649,0.15,Low
EMP1650,0.16,Low
EMP1651,0.13,Low
EMP1652,0.31,Medium
EMP1653,0.11,Low
EMP1654,0.23,Medium
EMP1655,0.21,Medium
EMP1656,0.33,Medium
EMP1657,0.1,Low
EMP1658,0.75,High
EMP1659,0.22,Medium
EMP1660,0.1,Low
EMP1661,0.06,Low
EMP1662,0.09,Low
EMP1663,0.76,High
EMP1664,0.24,Medium
EMP1665,0.04,Low
EMP1666,0.09,Low
EMP1667,0.11,Low
EMP1668,0.09,Low
EMP1669,0.04,Low
EMP1670,0.04,Low
EMP1671,0.04,Low
EMP1672,0.1,Low
EMP1673,0.8,High
EMP1674,0.78,High
EMP1675,0.06,Low
EMP1676,0.71,High
EMP1677,0.86,Very High
EMP1678,0.19,Low
EMP1679,0.35,Medium
EMP1680,0.09,Low
EMP1681,0.08,Low
EMP1682,0.04,Low
EMP1683,0.07,Low
EMP1684,0.9,Very High
EMP1685,0.3,Medium
EMP1686,0.83,Very High
EMP1687,0.67,High
EMP1688,0.76,High
EMP1689,0.61,High
EMP1690,0.18,Low
EMP1691,0.87,Very High
EMP1692,0.78,High
EMP1693,0.36,Medium
EMP1694,0.84,Very High
EMP1695,0.07,Low
EMP1696,0.17,Low
EMP1697,0.66,High
EMP1698,0.33,Medium
EMP1699,0.14,Low
EMP1700,0.22,Medium
EMP1701,0.79,High
EMP1702,0.05,Low
EMP1703,0.58,High
EMP1704,0.09,Low
EMP1705,0.03,Low
EMP1706,0.03,Low
EMP1707,0.13,Low
EMP1708,0.39,Medium
EMP1709,0.14,Low
EMP1710,0.02,Low
EMP1711,0.29,Medium
EMP1712,0.78,High
EMP1713,0.73,High
EMP1714,0.68,High
EMP1715,0.32,Medium
EMP1716,0.63,High
EMP1717,0.85,Very High
EMP1718,0.34,Medium
EMP1719,0.09,Low
EMP1720,0.57,High
EMP1721,0.09,Low
EMP1722,0.18,Low
EMP1723,0.18,Low
EMP1724,0.75,High
EMP1725,0.11,Low
EMP1726,0.05,Low
EMP1727,0.08,Low
EMP1728,0.28,Medium
EMP1729,0.75,High
EMP1730,0.13,Low
EMP1731,0.13,Low
EMP1732,0.16,Low
EMP1733,0.2,Low
EMP1734,0.22,Medium
EMP1735,0.55,High
EMP1736,0.65,High
EMP1737,0.35,Medium
EMP1738,0.0,
EMP1739,0.89,Very High
EMP1740,0.1,Low
EMP1741,0.87,Very High
EMP1742,0.14,Low
EMP1743,0.25,Medium
EMP1744,0.87,Very High
EMP1745,0.14,Low
EMP1746,0.42,Medium
EMP1747,0.15,Low
EMP1748,0.68,High
EMP1749,0.13,Low
EMP1750,0.16,Low
EMP1751,0.33,Medium
EMP1752,0.85,Very High
EMP1753,0.85,Very High
EMP1754,0.14,Low
EMP1755,0.17,Low
EMP1756,0.78,High
EMP1757,0.85,Very High
EMP1758,0.37,Medium
EMP1759,0.05,Low
EMP1760,0.75,High
EMP1761,0.82,Very High
EMP1762,0.07,Low
EMP1763,0.87,Very High
EMP1764,0.48,Medium
EMP1765,0.12,Low
EMP1766,0.05,Low
EMP1767,0.76,High
EMP1768,0.82,Very High
EMP1769,0.41,Medium
EMP1770,0.22,Medium
EMP1771,0.21,Medium
EMP1772,0.0,
EMP1773,0.04,Low
EMP1774,0.81,Very High
EMP1775,0.08,Low
EMP1776,0.06,Low
EMP1777,0.19,Low
EMP1778,0.02,Low
EMP1779,0.12,Low
EMP1780,0.48,Medium
EMP1781,0.15,Low
EMP1782,0.34,Medium
EMP1783,0.87,Very High
EMP1784,0.78,High
EMP1785,0.88,Very High
EMP1786,0.11,Low
EMP1787,0.56,High
EMP1788,0.07,Low
EMP1789,0.86,Very High
EMP1790,0.48,Medium
EMP1791,0.21,Medium
EMP1792,0.04,Low
EMP1793,0.21,Medium
EMP1794,0.09,Low
EMP1795,0.81,Very High
EMP1796,0.72,High
EMP1797,0.06,Low
EMP1798,0.21,Medium
EMP1799,0.79,High
EMP1800,0.86,Very High
EMP1801,0.13,Low
EMP1802,0.05,Low
EMP1803,0.08,Low
EMP1804,0.17,Low
EMP1805,0.03,Low
EMP1806,0.19,Low
EMP1807,0.03,Low
EMP1808,0.83,Very High
EMP1809,0.21,Medium
EMP1810,0.03,Low
EMP1811,0.13,Low
EMP1812,0.06,Low
EMP1813,0.95,Very High
EMP1814,0.0,
EMP1815,0.7,High
EMP1816,0.73,High
EMP1817,0.79,High
EMP1818,0.07,Low
EMP1819,0.11,Low
EMP1820,0.05,Low
EMP1821,0.02,Low
EMP1822,0.17,Low
EMP1823,0.75,High
EMP1824,0.9,Very High
EMP1825,0.73,High
EMP1826,0.08,Low
EMP1827,0.89,Very High
EMP1828,0.73,High
EMP1829,0.8,High
EMP1830,0.68,High
EMP1831,0.28,Medium
EMP1832,0.26,Medium
EMP1833,0.28,Medium
EMP1834,0.05,Low
EMP1835,0.02,Low
EMP1836,0.13,Low
EMP1837,0.12,Low
EMP1838,0.25,Medium
EMP1839,0.14,Low
EMP1840,0.33,Medium
EMP1841,0.33,Medium
EMP1842,0.55,High
EMP1843,0.71,High
EMP1844,0.21,Medium
EMP1845,0.06,Low
EMP1846,0.28,Medium
EMP1847,0.05,Low
EMP1848,0.8,High
EMP1849,0.21,Medium
EMP1850,0.82,Very High
EMP1851,0.22,Medium
EMP1852,0.25,Medium
EMP1853,0.33,Medium
EMP1854,0.49,Medium
EMP1855,0.69,High
EMP1856,0.29,Medium
EMP1857,0.68,High
EMP1858,0.27,Medium
EMP1859,0.69,High
EMP1860,0.67,High
EMP1861,0.15,Low
EMP1862,0.17,Low
EMP1863,0.63,High
EMP1864,0.22,Medium
EMP1865,0.1,Low
EMP1866,0.33,Medium
EMP1867,0.08,Low
EMP1868,0.14,Low
EMP1869,0.39,Medium
EMP1870,0.87,Very High
EMP1871,0.03,Low
EMP1872,0.16,Low
EMP1873,0.17,Low
EMP1874,0.23,Medium
EMP1875,0.11,Low
EMP1876,0.06,Low
EMP1877,0.01,Low
EMP1878,0.78,High
EMP1879,0.02,Low
EMP1880,0.85,Very High
EMP1881,0.71,High
EMP1882,0.89,Very High
EMP1883,0.19,Low
EMP1884,0.01,Low
EMP1885,0.9,Very High
EMP1886,0.07,Low
EMP1887,0.05,Low
EMP1888,0.78,High
EMP1889,0.05,Low
EMP1890,0.08,Low
EMP1891,0.82,Very High
EMP1892,0.13,Low
EMP1893,0.42,Medium
EMP1894,0.06,Low
EMP1895,0.87,Very High
EMP1896,0.75,High
EMP1897,0.01,Low
EMP1898,0.05,Low
EMP1899,0.35,Medium
EMP1900,0.01,Low
EMP1901,0.19,Low
EMP1902,0.07,Low
EMP1903,0.09,Low
EMP1904,0.85,Very High
EMP1905,0.31,Medium
EMP1906,0.78,High
EMP1907,0.72,High
EMP1908,0.14,Low
EMP1909,0.89,Very High
EMP1910,0.07,Low
EMP1911,0.13,Low
EMP1912,0.32,Medium
EMP1913,0.04,Low
EMP1914,0.05,Low
EMP1915,0.86,Very High
EMP1916,0.06,Low
EMP1917,0.82,Very High
EMP1918,0.13,Low
EMP1919,0.78,High
EMP1920,0.02,Low
EMP1921,0.7,High
EMP1922,0.07,Low
EMP1923,0.17,Low
EMP1924,0.13,Low
EMP1925,0.76,High
EMP1926,0.07,Low
EMP1927,0.09,Low
EMP1928,0.58,High
EMP1929,0.7,High
EMP1930,0.07,Low
EMP1931,0.46,Medium
EMP1932,0.09,Low
EMP1933,0.23,Medium
EMP1934,0.44,Medium
EMP1935,0.18,Low
EMP1936,0.72,High
EMP1937,0.02,Low
EMP1938,0.12,Low
EMP1939,0.86,Very High
EMP1940,0.08,Low
EMP1941,0.08,Low
EMP1942,0.71,High
EMP1943,0.79,High
EMP1944,0.16,Low
EMP1945,0.08,Low
EMP1946,0.02,Low
EMP1947,0.78,High
EMP1948,0.25,Medium
EMP1949,0.73,High
EMP1950,0.05,Low
EMP1951,0.0,
EMP1952,0.1,Low
EMP1953,0.18,Low
EMP1954,0.1,Low
EMP1955,0.05,Low
EMP1956,0.89,Very High
EMP1957,0.2,Low
EMP1958,0.05,Low
EMP1959,0.35,Medium
EMP1960,0.8,High
EMP1961,0.91,Very High
EMP1962,0.91,Very High
EMP1963,0.13,Low
EMP1964,0.15,Low
EMP1965,0.59,High
EMP1966,0.07,Low
EMP1967,0.04,Low
EMP1968,0.18,Low
EMP1969,0.79,High
EMP1970,0.16,Low
EMP1971,0.07,Low
EMP1972,0.22,Medium
EMP1973,0.75,High
EMP1974,0.69,High
EMP1975,0.15,Low
EMP1976,0.05,Low
EMP1977,0.19,Low
EMP1978,0.56,High
EMP1979,0.1,Low
EMP1980,0.62,High
EMP1981,0.84,Very High
EMP1982,0.24,Medium
EMP1983,0.43,Medium
EMP1984,0.73,High
EMP1985,0.89,Very High
EMP1986,0.88,Very High
EMP1987,0.04,Low
EMP1988,0.71,High
EMP1989,0.12,Low
EMP1990,0.17,Low
EMP1991,0.81,Very High
EMP1992,0.71,High
EMP1993,0.78,High
EMP1994,0.06,Low
EMP1995,0.2,Low
EMP1996,0.88,Very High
EMP1997,0.0,
EMP1998,0.04,Low
EMP1999,0.69,High
EMP2000,0.01,Low
EMP2001,0.01,Low
EMP2002,0.59,High
EMP2003,0.03,Low
EMP2004,0.12,Low
EMP2005,0.67,High
EMP2006,0.27,Medium
EMP2007,0.04,Low
EMP2008,0.79,High
EMP2009,0.75,High
EMP2010,0.07,Low
EMP2011,0.28,Medium
EMP2012,0.16,Low
EMP2013,0.02,Low
EMP2014,0.27,Medium
EMP2015,0.84,Very High
EMP2016,0.11,Low
EMP2017,0.18,Low
EMP2018,0.06,Low
EMP2019,0.76,High
EMP2020,0.26,Medium
EMP2021,0.14,Low
EMP2022,0.1,Low
EMP2023,0.02,Low
EMP2024,0.4,Medium
EMP2025,0.13,Low
EMP2026,0.84,Very High
EMP2027,0.75,High
EMP2028,0.11,Low
EMP2029,0.74,High
EMP2030,0.09,Low
EMP2031,0.05,Low
EMP2032,0.17,Low
EMP2033,0.2,Low
EMP2034,0.09,Low
EMP2035,0.9,Very High
EMP2036,0.25,Medium
EMP2037,0.24,Medium
EMP2038,0.02,Low
EMP2039,0.18,Low
EMP2040,0.09,Low
EMP2041,0.03,Low
EMP2042,0.78,High
EMP2043,0.89,Very High
EMP2044,0.66,High
EMP2045,0.8,High
EMP2046,0.22,Medium
EMP2047,0.31,Medium
EMP2048,0.01,Low
EMP2049,0.06,Low
EMP2050,0.83,Very High
EMP2051,0.65,High
EMP2052,0.11,Low
EMP2053,0.86,Very High
EMP2054,0.77,High
EMP2055,0.11,Low
EMP2056,0.8,High
EMP2057,0.8,High
EMP2058,0.89,Very High
EMP2059,0.07,Low
EMP2060,0.03,Low
EMP2061,0.6,High
EMP2062,0.07,Low
EMP2063,0.18,Low
EMP2064,0.14,Low
EMP2065,0.8,High
EMP2066,0.08,Low
EMP2067,0.15,Low
EMP2068,0.09,Low
EMP2069,0.1,Low
EMP2070,0.12,Low
EMP2071,0.35,Medium
EMP2072,0.84,Very High
EMP2073,0.26,Medium
EMP2074,0.13,Low
EMP2075,0.9,Very High
EMP2076,0.51,High
EMP2077,0.14,Low
EMP2078,0.09,Low
EMP2079,0.04,Low
EMP2080,0.14,Low
EMP2081,0.17,Low
EMP2082,0.74,High
EMP2083,0.31,Medium
EMP2084,0.01,Low
EMP2085,0.05,Low
EMP2086,0.32,Medium
EMP2087,0.83,Very High
EMP2088,0.69,High
EMP2089,0.07,Low
EMP2090,0.05,Low
EMP2091,0.15,Low
EMP2092,0.76,High
EMP2093,0.81,Very High
EMP2094,0.24,Medium
EMP2095,0.75,High
EMP2096,0.16,Low
EMP2097,0.36,Medium
EMP2098,0.79,High
EMP2099,0.08,Low
EMP2100,0.09,Low
EMP2101,0.86,Very High
EMP2102,0.04,Low
EMP2103,0.26,Medium
EMP2104,0.31,Medium
EMP2105,0.08,Low
EMP2106,0.86,Very High
EMP2107,0.03,Low
EMP2108,0.03,Low
EMP2109,0.03,Low
EMP2110,0.68,High
EMP2111,0.13,Low
EMP2112,0.56,High
EMP2113,0.51,High
EMP2114,0.67,High
EMP2115,0.14,Low
EMP2116,0.06,Low
EMP2117,0.43,Medium
EMP2118,0.29,Medium
EMP2119,0.14,Low
EMP2120,0.12,Low
EMP2121,0.1,Low
EMP2122,0.63,High
EMP2123,0.26,Medium
EMP2124,0.59,High
EMP2125,0.11,Low
EMP2126,0.1,Low
EMP2127,0.32,Medium
EMP2128,0.69,High
EMP2129,0.42,Medium
EMP2130,0.27,Medium
EMP2131,0.07,Low
EMP2132,0.11,Low
EMP2133,0.15,Low
EMP2134,0.82,Very High
EMP2135,0.1,Low
EMP2136,0.75,High
EMP2137,0.02,Low
EMP2138,0.07,Low
EMP2139,0.11,Low
EMP2140,0.11,Low
EMP2141,0.75,High
EMP2142,0.07,Low
EMP2143,0.17,Low
EMP2144,0.18,Low
EMP2145,0.84,Very High
EMP2146,0.69,High
EMP2147,0.09,Low
EMP2148,0.01,Low
EMP2149,0.08,Low
EMP2150,0.9,Very High
EMP2151,0.1,Low
EMP2152,0.8,High
EMP2153,0.22,Medium
EMP2154,0.08,Low
EMP2155,0.01,Low
EMP2156,0.87,Very High
EMP2157,0.3,Medium
EMP2158,0.11,Low
EMP2159,0.08,Low
EMP2160,0.03,Low
EMP2161,0.04,Low
EMP2162,0.81,Very High
EMP2163,0.84,Very High
EMP2164,0.08,Low
EMP2165,0.07,Low
EMP2166,0.04,Low
EMP2167,0.84,Very High
EMP2168,0.01,Low
EMP2169,0.03,Low
EMP2170,0.22,Medium
EMP2171,0.67,High
EMP2172,0.12,Low
EMP2173,0.71,High
EMP2174,0.81,Very High
EMP2175,0.37,Medium
EMP2176,0.3,Medium
EMP2177,0.14,Low
EMP2178,0.57,High
EMP2179,0.06,Low
EMP2180,0.76,High
EMP2181,0.63,High
EMP2182,0.47,Medium
EMP2183,0.09,Low
EMP2184,0.04,Low
EMP2185,0.66,High
EMP2186,0.94,Very High
EMP2187,0.4,Medium
EMP2188,0.07,Low
EMP2189,0.16,Low
EMP2190,0.72,High
EMP2191,0.85,Very High
EMP2192,0.03,Low
EMP2193,0.92,Very High
EMP2194,0.9,Very High
EMP2195,0.57,High
EMP2196,0.08,Low
EMP2197,0.06,Low
EMP2198,0.23,Medium
EMP2199,0.03,Low
EMP2200,0.02,Low
EMP2201,0.71,High
EMP2202,0.01,Low
EMP2203,0.67,High
EMP2204,0.05,Low
EMP2205,0.07,Low
EMP2206,0.04,Low
EMP2207,0.07,Low
EMP2208,0.64,High
EMP2209,0.04,Low
EMP2210,0.26,Medium
EMP2211,0.16,Low
EMP2212,0.9,Very High
EMP2213,0.03,Low
EMP2214,0.22,Medium
EMP2215,0.07,Low
EMP2216,0.93,Very High
EMP2217,0.14,Low
EMP2218,0.01,Low
EMP2219,0.12,Low
EMP2220,0.1,Low
EMP2221,0.15,Low
EMP2222,0.69,High
EMP2223,0.09,Low
EMP2224,0.06,Low
EMP2225,0.02,Low
EMP2226,0.83,Very High
EMP2227,0.06,Low
EMP2228,0.3,Medium
EMP2229,0.15,Low
EMP2230,0.32,Medium
EMP2231,0.05,Low
EMP2232,0.82,Very High
EMP2233,0.89,Very High
EMP2234,0.72,High
EMP2235,0.8,High
EMP2236,0.02,Low
EMP2237,0.17,Low
EMP2238,0.87,Very High
EMP2239,0.85,Very High
EMP2240,0.09,Low
EMP2241,0.75,High
EMP2242,0.04,Low
EMP2243,0.34,Medium
EMP2244,0.0,
EMP2245,0.7,High
EMP2246,0.86,Very High
EMP2247,0.12,Low
EMP2248,0.08,Low
EMP2249,0.16,Low
EMP2250,0.16,Low
EMP2251,0.18,Low
EMP2252,0.12,Low
EMP2253,0.14,Low
EMP2254,0.25,Medium
EMP2255,0.28,Medium
EMP2256,0.8,High
EMP2257,0.16,Low
EMP2258,0.2,Low
EMP2259,0.67,High
EMP2260,0.21,Medium
EMP2261,0.12,Low
EMP2262,0.08,Low
EMP2263,0.15,Low
EMP2264,0.76,High
EMP2265,0.67,High
EMP2266,0.3,Medium
EMP2267,0.09,Low
EMP2268,0.25,Medium
EMP2269,0.74,High
EMP2270,0.07,Low
EMP2271,0.47,Medium
EMP2272,0.29,Medium
EMP2273,0.1,Low
EMP2274,0.06,Low
EMP2275,0.75,High
EMP2276,0.03,Low
EMP2277,0.92,Very High
EMP2278,0.04,Low
EMP2279,0.89,Very High
EMP2280,0.03,Low
EMP2281,0.18,Low
EMP2282,0.09,Low
EMP2283,0.57,High
EMP2284,0.91,Very High
EMP2285,0.15,Low
EMP2286,0.87,Very High
EMP2287,0.12,Low
EMP2288,0.27,Medium
EMP2289,0.19,Low
EMP2290,0.04,Low
EMP2291,0.85,Very High
EMP2292,0.12,Low
EMP2293,0.0,
EMP2294,0.08,Low
EMP2295,0.15,Low
EMP2296,0.14,Low
EMP2297,0.13,Low
EMP2298,0.08,Low
EMP2299,0.82,Very High
EMP2300,0.05,Low
EMP2301,0.08,Low
EMP2302,0.17,Low
EMP2303,0.72,High
EMP2304,0.02,Low
EMP2305,0.78,High
EMP2306,0.31,Medium
EMP2307,0.84,Very High
EMP2308,0.03,Low
EMP2309,0.57,High
EMP2310,0.9,Very High
EMP2311,0.1,Low
EMP2312,0.09,Low
EMP2313,0.88,Very High
EMP2314,0.62,High
EMP2315,0.77,High
EMP2316,0.61,High
EMP2317,0.22,Medium
EMP2318,0.68,High
EMP2319,0.36,Medium
EMP2320,0.14,Low
EMP2321,0.34,Medium
EMP2322,0.09,Low
EMP2323,0.05,Low
EMP2324,0.06,Low
EMP2325,0.22,Medium
EMP2326,0.06,Low
EMP2327,0.03,Low
EMP2328,0.26,Medium
EMP2329,0.75,High
EMP2330,0.03,Low
EMP2331,0.41,Medium
EMP2332,0.59,High
EMP2333,0.89,Very High
EMP2334,0.01,Low
EMP2335,0.2,Low
EMP2336,0.72,High
EMP2337,0.47,Medium
EMP2338,0.31,Medium
EMP2339,0.1,Low
EMP2340,0.1,Low
EMP2341,0.14,Low
EMP2342,0.41,Medium
EMP2343,0.29,Medium
EMP2344,0.88,Very High
EMP2345,0.81,Very High
EMP2346,0.79,High
EMP2347,0.2,Low
EMP2348,0.13,Low
EMP2349,0.0,
EMP2350,0.02,Low
EMP2351,0.85,Very High
EMP2352,0.39,Medium
EMP2353,0.85,Very High
EMP2354,0.24,Medium
EMP2355,0.03,Low
EMP2356,0.06,Low
EMP2357,0.79,High
EMP2358,0.72,High
EMP2359,0.05,Low
EMP2360,0.04,Low
EMP2361,0.23,Medium
EMP2362,0.77,High
EMP2363,0.8,High
EMP2364,0.04,Low
EMP2365,0.17,Low
EMP2366,0.19,Low
EMP2367,0.78,High
EMP2368,0.17,Low
EMP2369,0.18,Low
EMP2370,0.75,High
EMP2371,0.82,Very High
EMP2372,0.18,Low
EMP2373,0.39,Medium
EMP2374,0.15,Low
EMP2375,0.11,Low
EMP2376,0.08,Low
EMP2377,0.16,Low
EMP2378,0.72,High
EMP2379,0.02,Low
EMP2380,0.23,Medium
EMP2381,0.05,Low
EMP2382,0.03,Low
EMP2383,0.21,Medium
EMP2384,0.76,High
EMP2385,0.21,Medium
EMP2386,0.6,High
EMP2387,0.16,Low
EMP2388,0.22,Medium
EMP2389,0.15,Low
EMP2390,0.12,Low
EMP2391,0.19,Low
EMP2392,0.07,Low
EMP2393,0.02,Low
EMP2394,0.77,High
EMP2395,0.76,High
EMP2396,0.21,Medium
EMP2397,0.15,Low
EMP2398,0.19,Low
EMP2399,0.76,High
EMP2400,0.0,
EMP2401,0.1,Low
EMP2402,0.17,Low
EMP2403,0.78,High
EMP2404,0.68,High
EMP2405,0.22,Medium
EMP2406,0.56,High
EMP2407,0.76,High
EMP2408,0.11,Low
EMP2409,0.04,Low
EMP2410,0.18,Low
EMP2411,0.12,Low
EMP2412,0.07,Low
EMP2413,0.19,Low
EMP2414,0.11,Low
EMP2415,0.67,High
EMP2416,0.05,Low
EMP2417,0.86,Very High
EMP2418,0.19,Low
EMP2419,0.69,High
EMP2420,0.66,High
EMP2421,0.09,Low
EMP2422,0.23,Medium
EMP2423,0.15,Low
EMP2424,0.21,Medium
EMP2425,0.07,Low
EMP2426,0.04,Low
EMP2427,0.04,Low
EMP2428,0.92,Very High
EMP2429,0.75,High
EMP2430,0.83,Very High
EMP2431,0.1,Low
EMP2432,0.84,Very High
EMP2433,0.03,Low
EMP2434,0.83,Very High
EMP2435,0.94,Very High
EMP2436,0.16,Low
EMP2437,0.17,Low
EMP2438,0.26,Medium
EMP2439,0.19,Low
EMP2440,0.2,Low
EMP2441,0.15,Low
EMP2442,0.27,Medium
EMP2443,0.24,Medium
EMP2444,0.22,Medium
EMP2445,0.08,Low
EMP2446,0.07,Low
EMP2447,0.85,Very High
EMP2448,0.87,Very High
EMP2449,0.08,Low
EMP2450,0.11,Low
EMP2451,0.2,Low
EMP2452,0.01,Low
EMP2453,0.06,Low
EMP2454,0.73,High
EMP2455,0.0,
EMP2456,0.15,Low
EMP2457,0.07,Low
EMP2458,0.02,Low
EMP2459,0.78,High
EMP2460,0.03,Low
EMP2461,0.77,High
EMP2462,0.86,Very High
EMP2463,0.89,Very High
EMP2464,0.7,High
EMP2465,0.27,Medium
EMP2466,0.05,Low
EMP2467,0.13,Low
EMP2468,0.69,High
EMP2469,0.23,Medium
EMP2470,0.1,Low
EMP2471,0.08,Low
EMP2472,0.12,Low
EMP2473,0.92,Very High
EMP2474,0.91,Very High
EMP2475,0.76,High
EMP2476,0.11,Low
EMP2477,0.15,Low
EMP2478,0.07,Low
EMP2479,0.15,Low
EMP2480,0.07,Low
EMP2481,0.06,Low
EMP2482,0.72,High
EMP2483,0.86,Very High
EMP2484,0.18,Low
EMP2485,0.59,High
EMP2486,0.28,Medium
EMP2487,0.03,Low
EMP2488,0.2,Low
EMP2489,0.51,High
EMP2490,0.68,High
EMP2491,0.16,Low
EMP2492,0.56,High
EMP2493,0.7,High
EMP2494,0.06,Low
EMP2495,0.16,Low
EMP2496,0.13,Low
EMP2497,0.78,High
EMP2498,0.13,Low
EMP2499,0.48,Medium
